<Footprint name="RGZ0048A_NV" >
  <Units type="mils" precision="3" />
  <Extents minX="-2163.8583" minY="-2150.59050003624" width="3365.8583" height="3366.59050003624" />
  <Padstack name="R10090240000200A" type="single" > 
    <Layers>
      <Layer name="TOP" >
        <Pad shape="rectangle" width="9.4488" height="23.622" /> 
      </Layer>
      <Layer name="SOLDERMASK_TOP" >
        <Pad shape="rectangle" width="13.4488" height="27.622" /> 
      </Layer>
      <Layer name="PASTEMASK_TOP" >
        <Pad shape="rectangle" width="9.4488" height="23.622" /> 
      </Layer>
    </Layers>
  </Padstack>
  <Padstack name="R120320300002101A" type="single" > 
    <Layers>
      <Layer name="TOP" >
        <Pad shape="square" width="202.7559" height="202.7559" /> 
      </Layer>
      <Layer name="SOLDERMASK_TOP" >
        <Pad shape="square" width="206.7559" height="206.7559" /> 
      </Layer>
      <Layer name="PASTEMASK_TOP" >
        <Pad shape="square" width="1" height="1" /> 
      </Layer>
    </Layers>
  </Padstack>

  <Padstack name="R10090240000200A" type="single" > 
    <Layers>
      <Layer name="TOP" >
        <Pad shape="rectangle" width="9.4488" height="23.622" /> 
      </Layer>
      <Layer name="SOLDERMASK_TOP" >
        <Pad shape="rectangle" width="13.4488" height="27.622" /> 
      </Layer>
      <Layer name="PASTEMASK_TOP" >
        <Pad shape="rectangle" width="9.4488" height="23.622" /> 
      </Layer>
    </Layers>
  </Padstack>
  <Padstack name="R120320300002101A" type="single" > 
    <Layers>
      <Layer name="TOP" >
        <Pad shape="square" width="202.7559" height="202.7559" /> 
      </Layer>
      <Layer name="SOLDERMASK_TOP" >
        <Pad shape="square" width="206.7559" height="206.7559" /> 
      </Layer>
      <Layer name="PASTEMASK_TOP" >
        <Pad shape="square" width="1" height="1" /> 
      </Layer>
    </Layers>
  </Padstack>
  <TextBlocks>
    <TextBlock name="17" width="6.25" height="25" lineSpacing="25" characterSpacing="6.25" /> 
  </TextBlocks>

  <Pins>
    <Pin number="1" padName="R10090240000200A" originX="-133.8583" originY="108.2677" rotation="90" isMechanical="no" textBlockName="17" />
    <Pin number="2" padName="R10090240000200A" originX="-133.8583" originY="88.5827" rotation="90" isMechanical="no" textBlockName="17" />
    <Pin number="3" padName="R10090240000200A" originX="-133.8583" originY="68.8977" rotation="90" isMechanical="no" textBlockName="17" />
    <Pin number="4" padName="R10090240000200A" originX="-133.8583" originY="49.2126" rotation="90" isMechanical="no" textBlockName="17" />
    <Pin number="5" padName="R10090240000200A" originX="-133.8583" originY="29.5276" rotation="90" isMechanical="no" textBlockName="17" />
    <Pin number="6" padName="R10090240000200A" originX="-133.8583" originY="9.8425" rotation="90" isMechanical="no" textBlockName="17" />
    <Pin number="7" padName="R10090240000200A" originX="-133.8583" originY="-9.8425" rotation="90" isMechanical="no" textBlockName="17" />
    <Pin number="8" padName="R10090240000200A" originX="-133.8583" originY="-29.5275" rotation="90" isMechanical="no" textBlockName="17" />
    <Pin number="9" padName="R10090240000200A" originX="-133.8583" originY="-49.2126" rotation="90" isMechanical="no" textBlockName="17" />
    <Pin number="10" padName="R10090240000200A" originX="-133.8583" originY="-68.8976" rotation="90" isMechanical="no" textBlockName="17" />
    <Pin number="11" padName="R10090240000200A" originX="-133.8583" originY="-88.5827" rotation="90" isMechanical="no" textBlockName="17" />
    <Pin number="12" padName="R10090240000200A" originX="-133.8583" originY="-108.2677" rotation="90" isMechanical="no" textBlockName="17" />
    <Pin number="13" padName="R10090240000200A" originX="-108.2677" originY="-133.8583" rotation="0" isMechanical="no" textBlockName="17" />
    <Pin number="14" padName="R10090240000200A" originX="-88.5827" originY="-133.8583" rotation="0" isMechanical="no" textBlockName="17" />
    <Pin number="15" padName="R10090240000200A" originX="-68.8977" originY="-133.8583" rotation="0" isMechanical="no" textBlockName="17" />
    <Pin number="16" padName="R10090240000200A" originX="-49.2126" originY="-133.8583" rotation="0" isMechanical="no" textBlockName="17" />
    <Pin number="17" padName="R10090240000200A" originX="-29.5276" originY="-133.8583" rotation="0" isMechanical="no" textBlockName="17" />
    <Pin number="18" padName="R10090240000200A" originX="-9.8425" originY="-133.8583" rotation="0" isMechanical="no" textBlockName="17" />
    <Pin number="19" padName="R10090240000200A" originX="9.8425" originY="-133.8583" rotation="0" isMechanical="no" textBlockName="17" />
    <Pin number="20" padName="R10090240000200A" originX="29.5275" originY="-133.8583" rotation="0" isMechanical="no" textBlockName="17" />
    <Pin number="21" padName="R10090240000200A" originX="49.2126" originY="-133.8583" rotation="0" isMechanical="no" textBlockName="17" />
    <Pin number="22" padName="R10090240000200A" originX="68.8976" originY="-133.8583" rotation="0" isMechanical="no" textBlockName="17" />
    <Pin number="23" padName="R10090240000200A" originX="88.5827" originY="-133.8583" rotation="0" isMechanical="no" textBlockName="17" />
    <Pin number="24" padName="R10090240000200A" originX="108.2677" originY="-133.8583" rotation="0" isMechanical="no" textBlockName="17" />
    <Pin number="25" padName="R10090240000200A" originX="133.8583" originY="-108.2677" rotation="90" isMechanical="no" textBlockName="17" />
    <Pin number="26" padName="R10090240000200A" originX="133.8583" originY="-88.5827" rotation="90" isMechanical="no" textBlockName="17" />
    <Pin number="27" padName="R10090240000200A" originX="133.8583" originY="-68.8976" rotation="90" isMechanical="no" textBlockName="17" />
    <Pin number="28" padName="R10090240000200A" originX="133.8583" originY="-49.2126" rotation="90" isMechanical="no" textBlockName="17" />
    <Pin number="29" padName="R10090240000200A" originX="133.8583" originY="-29.5275" rotation="90" isMechanical="no" textBlockName="17" />
    <Pin number="30" padName="R10090240000200A" originX="133.8583" originY="-9.8425" rotation="90" isMechanical="no" textBlockName="17" />
    <Pin number="31" padName="R10090240000200A" originX="133.8583" originY="9.8425" rotation="90" isMechanical="no" textBlockName="17" />
    <Pin number="32" padName="R10090240000200A" originX="133.8583" originY="29.5276" rotation="90" isMechanical="no" textBlockName="17" />
    <Pin number="33" padName="R10090240000200A" originX="133.8583" originY="49.2126" rotation="90" isMechanical="no" textBlockName="17" />
    <Pin number="34" padName="R10090240000200A" originX="133.8583" originY="68.8977" rotation="90" isMechanical="no" textBlockName="17" />
    <Pin number="35" padName="R10090240000200A" originX="133.8583" originY="88.5827" rotation="90" isMechanical="no" textBlockName="17" />
    <Pin number="36" padName="R10090240000200A" originX="133.8583" originY="108.2677" rotation="90" isMechanical="no" textBlockName="17" />
    <Pin number="37" padName="R10090240000200A" originX="108.2677" originY="133.8583" rotation="0" isMechanical="no" textBlockName="17" />
    <Pin number="38" padName="R10090240000200A" originX="88.5827" originY="133.8583" rotation="0" isMechanical="no" textBlockName="17" />
    <Pin number="39" padName="R10090240000200A" originX="68.8976" originY="133.8583" rotation="0" isMechanical="no" textBlockName="17" />
    <Pin number="40" padName="R10090240000200A" originX="49.2126" originY="133.8583" rotation="0" isMechanical="no" textBlockName="17" />
    <Pin number="41" padName="R10090240000200A" originX="29.5275" originY="133.8583" rotation="0" isMechanical="no" textBlockName="17" />
    <Pin number="42" padName="R10090240000200A" originX="9.8425" originY="133.8583" rotation="0" isMechanical="no" textBlockName="17" />
    <Pin number="43" padName="R10090240000200A" originX="-9.8425" originY="133.8583" rotation="0" isMechanical="no" textBlockName="17" />
    <Pin number="44" padName="R10090240000200A" originX="-29.5276" originY="133.8583" rotation="0" isMechanical="no" textBlockName="17" />
    <Pin number="45" padName="R10090240000200A" originX="-49.2126" originY="133.8583" rotation="0" isMechanical="no" textBlockName="17" />
    <Pin number="46" padName="R10090240000200A" originX="-68.8977" originY="133.8583" rotation="0" isMechanical="no" textBlockName="17" />
    <Pin number="47" padName="R10090240000200A" originX="-88.5827" originY="133.8583" rotation="0" isMechanical="no" textBlockName="17" />
    <Pin number="48" padName="R10090240000200A" originX="-108.2677" originY="133.8583" rotation="0" isMechanical="no" textBlockName="17" />
    <Pin number="49" padName="R120320300002101A" originX="0" originY="0" rotation="0" isMechanical="no" textBlockName="17" />
  </Pins>
  <Vias>
  </Vias>
  <Layers>
    <Layer name="PACKAGE GEOMETRY/ASSEMBLY_TOP" packageHeight="100" >
      <Path lineWidth="3.937" type="line" >
        <Point x="-140.7481" y="-140.748" />
        <Point x="-140.7481" y="140.7481" />
      </Path>
    </Layer>
    <Layer name="PACKAGE GEOMETRY/ASSEMBLY_TOP" packageHeight="100" >
      <Path lineWidth="3.937" type="line" >
        <Point x="140.748" y="-140.748" />
        <Point x="140.748" y="140.7481" />
      </Path>
    </Layer>
    <Layer name="PACKAGE GEOMETRY/ASSEMBLY_TOP" packageHeight="100" >
      <Path lineWidth="3.937" type="line" >
        <Point x="-140.7481" y="140.7481" />
        <Point x="140.748" y="140.7481" />
      </Path>
    </Layer>
    <Layer name="PACKAGE GEOMETRY/ASSEMBLY_TOP" packageHeight="100" >
      <Path lineWidth="3.937" type="line" >
        <Point x="-140.7481" y="-140.748" />
        <Point x="140.748" y="-140.748" />
      </Path>
    </Layer>
    <Layer name="PACKAGE GEOMETRY/SILKSCREEN_TOP" packageHeight="100" >
      <Path lineWidth="7.874" type="line" >
        <Point x="-146.6535" y="-146.6535" />
        <Point x="-134.8425" y="-146.6535" />
      </Path>
    </Layer>
    <Layer name="PACKAGE GEOMETRY/SILKSCREEN_TOP" packageHeight="100" >
      <Path lineWidth="7.874" type="line" >
        <Point x="-146.6535" y="-146.6535" />
        <Point x="-146.6535" y="-134.8425" />
      </Path>
    </Layer>
    <Layer name="PACKAGE GEOMETRY/SILKSCREEN_TOP" packageHeight="100" >
      <Path lineWidth="7.874" type="line" >
        <Point x="134.8425" y="-146.6535" />
        <Point x="146.6535" y="-146.6535" />
      </Path>
    </Layer>
    <Layer name="PACKAGE GEOMETRY/SILKSCREEN_TOP" packageHeight="100" >
      <Path lineWidth="7.874" type="line" >
        <Point x="146.6535" y="-146.6535" />
        <Point x="146.6535" y="-134.8425" />
      </Path>
    </Layer>
    <Layer name="PACKAGE GEOMETRY/SILKSCREEN_TOP" packageHeight="100" >
      <Path lineWidth="7.874" type="line" >
        <Point x="146.6535" y="134.8425" />
        <Point x="146.6535" y="146.6535" />
      </Path>
    </Layer>
    <Layer name="PACKAGE GEOMETRY/SILKSCREEN_TOP" packageHeight="100" >
      <Path lineWidth="7.874" type="line" >
        <Point x="134.8425" y="146.6535" />
        <Point x="146.6535" y="146.6535" />
      </Path>
    </Layer>
    <Layer name="PACKAGE GEOMETRY/SILKSCREEN_TOP" packageHeight="100" >
      <Path lineWidth="7.874" type="line" >
        <Point x="-146.6535" y="146.6535" />
        <Point x="-124.0157" y="146.6535" />
      </Path>
    </Layer>
    <Layer name="PACKAGE GEOMETRY/SILKSCREEN_TOP" packageHeight="100" >
      <Path lineWidth="7.874" type="line" >
        <Point x="-146.6535" y="124.0157" />
        <Point x="-146.6535" y="146.6535" />
      </Path>
    </Layer>
    <Layer name="PACKAGE GEOMETRY/PASTEMASK_TOP" packageHeight="100" >
      <Path lineWidth="0" type="shape" >
        <Point x="-27.6968" y="-27.6968" />
        <Point x="27.6969" y="-27.6968" />
        <Point x="27.6969" y="27.6969" />
        <Point x="-27.6968" y="27.6969" />
        <Point x="-27.6968" y="-27.6968" />
      </Path>
    </Layer>
    <Layer name="PACKAGE GEOMETRY/PASTEMASK_TOP" packageHeight="100" >
      <Path lineWidth="0" type="shape" >
        <Point x="35.5709" y="-27.6968" />
        <Point x="90.9646" y="-27.6968" />
        <Point x="90.9646" y="27.6969" />
        <Point x="35.5709" y="27.6969" />
        <Point x="35.5709" y="-27.6968" />
      </Path>
    </Layer>
    <Layer name="PACKAGE GEOMETRY/PASTEMASK_TOP" packageHeight="100" >
      <Path lineWidth="0" type="shape" >
        <Point x="-35.5708" y="27.6969" />
        <Point x="-90.9645" y="27.6969" />
        <Point x="-90.9645" y="-27.6968" />
        <Point x="-35.5708" y="-27.6968" />
        <Point x="-35.5708" y="27.6969" />
      </Path>
    </Layer>
    <Layer name="PACKAGE GEOMETRY/PASTEMASK_TOP" packageHeight="100" >
      <Path lineWidth="0" type="shape" >
        <Point x="-35.5708" y="90.9646" />
        <Point x="-90.9645" y="90.9646" />
        <Point x="-90.9645" y="35.5709" />
        <Point x="-35.5708" y="35.5709" />
        <Point x="-35.5708" y="90.9646" />
      </Path>
    </Layer>
    <Layer name="PACKAGE GEOMETRY/PASTEMASK_TOP" packageHeight="100" >
      <Path lineWidth="0" type="shape" >
        <Point x="35.5709" y="35.5709" />
        <Point x="90.9646" y="35.5709" />
        <Point x="90.9646" y="90.9646" />
        <Point x="35.5709" y="90.9646" />
        <Point x="35.5709" y="35.5709" />
      </Path>
    </Layer>
    <Layer name="PACKAGE GEOMETRY/PASTEMASK_TOP" packageHeight="100" >
      <Path lineWidth="0" type="shape" >
        <Point x="-27.6968" y="35.5709" />
        <Point x="27.6969" y="35.5709" />
        <Point x="27.6969" y="90.9646" />
        <Point x="-27.6968" y="90.9646" />
        <Point x="-27.6968" y="35.5709" />
      </Path>
    </Layer>
    <Layer name="PACKAGE GEOMETRY/PASTEMASK_TOP" packageHeight="100" >
      <Path lineWidth="0" type="shape" >
        <Point x="-27.6968" y="-90.9645" />
        <Point x="27.6969" y="-90.9645" />
        <Point x="27.6969" y="-35.5708" />
        <Point x="-27.6968" y="-35.5708" />
        <Point x="-27.6968" y="-90.9645" />
      </Path>
    </Layer>
    <Layer name="PACKAGE GEOMETRY/PASTEMASK_TOP" packageHeight="100" >
      <Path lineWidth="0" type="shape" >
        <Point x="35.5709" y="-90.9645" />
        <Point x="90.9646" y="-90.9645" />
        <Point x="90.9646" y="-35.5708" />
        <Point x="35.5709" y="-35.5708" />
        <Point x="35.5709" y="-90.9645" />
      </Path>
    </Layer>
    <Layer name="PACKAGE GEOMETRY/PASTEMASK_TOP" packageHeight="100" >
      <Path lineWidth="0" type="shape" >
        <Point x="-35.5708" y="-35.5708" />
        <Point x="-90.9645" y="-35.5708" />
        <Point x="-90.9645" y="-90.9645" />
        <Point x="-35.5708" y="-90.9645" />
        <Point x="-35.5708" y="-35.5708" />
      </Path>
    </Layer>
    <Layer name="PACKAGE GEOMETRY/ASSEMBLY_TOP" packageHeight="100" >
      <Label layer="PACKAGE GEOMETRY/ASSEMBLY_TOP" textBlock="3" angle="0" x="-73" y="-45" text=".Designator" justify="center" />
    </Layer>
    <Layer name="PACKAGE GEOMETRY/SILKSCREEN_TOP" packageHeight="100" >
      <Label layer="PACKAGE GEOMETRY/SILKSCREEN_TOP" textBlock="3" angle="0" x="-144" y="166" text="Designator9" justify="center" />
    </Layer>
    <Layer name="PACKAGE GEOMETRY/ASSEMBLY_TOP" packageHeight="100" >
      <Circle type="line"  lineWidth="3.937" originX="-105.315" originY="105.315" radius="11.811" > 
    </Layer>
    <Layer name="REF DES/SILKSCREEN_TOP" packageHeight="100" >
      <Label layer="REF DES/SILKSCREEN_TOP" textBlock="3" angle="0" x="0" y="-25" text="Ref" justify="center" />
    </Layer>
    <Layer name="DEVICE TYPE/SILKSCREEN_TOP" packageHeight="100" >
      <Label layer="DEVICE TYPE/SILKSCREEN_TOP" textBlock="3" angle="0" x="0" y="-25" text="Dev" justify="center" />
    </Layer>
    <Layer name="USER PART NUMBER/SILKSCREEN_TOP" packageHeight="100" >
      <Label layer="USER PART NUMBER/SILKSCREEN_TOP" textBlock="3" angle="0" x="0" y="-25" text="PN" justify="center" />
    </Layer>
    <Layer name="DEVICE TYPE/ASSEMBLY_TOP" packageHeight="100" >
      <Label layer="DEVICE TYPE/ASSEMBLY_TOP" textBlock="3" angle="0" x="0" y="-25" text="DEV" justify="center" />
    </Layer>
    <Layer name="COMPONENT VALUE/SILKSCREEN_TOP" packageHeight="100" >
      <Label layer="COMPONENT VALUE/SILKSCREEN_TOP" textBlock="3" angle="0" x="0" y="-25" text="VAL" justify="center" />
    </Layer>
    <Layer name="TOLERANCE/SILKSCREEN_TOP" packageHeight="100" >
      <Label layer="TOLERANCE/SILKSCREEN_TOP" textBlock="3" angle="0" x="0" y="-25" text="TOL" justify="center" />
    </Layer>
  </Layers>
</Footprint>
